{
  "model": "ensemble",
  "drift_alignment": "procrustes",
  "oversampled": false,
  "class_weight_override": {
    "Acetaldehyde": 2.0,
    "Toluene": 1.3
  },
  "ensemble_weight": 0.55,
  "accuracy": 0.7290961514353768,
  "balanced_accuracy": 0.7317879469760862,
  "classification_report": {
    "Acetaldehyde": {
      "precision": 0.8803278688524591,
      "recall": 0.36983471074380164,
      "f1-score": 0.5208535402521823,
      "support": 1452.0
    },
    "Acetone": {
      "precision": 0.8988929889298893,
      "recall": 0.839421088904204,
      "f1-score": 0.8681397006414825,
      "support": 1451.0
    },
    "Ammonia": {
      "precision": 0.8663157894736843,
      "recall": 0.7481818181818182,
      "f1-score": 0.8029268292682927,
      "support": 1100.0
    },
    "Ethanol": {
      "precision": 0.5585152838427948,
      "recall": 0.9544776119402985,
      "f1-score": 0.7046831955922865,
      "support": 1340.0
    },
    "Ethylene": {
      "precision": 0.6834061135371179,
      "recall": 0.9294729027468448,
      "f1-score": 0.7876690783265178,
      "support": 1347.0
    },
    "Toluene": {
      "precision": 0.752127659574468,
      "recall": 0.5493395493395493,
      "f1-score": 0.6349348899865289,
      "support": 1287.0
    },
    "accuracy": 0.7290961514353768,
    "macro avg": {
      "precision": 0.7732642840350689,
      "recall": 0.7317879469760862,
      "f1-score": 0.7198678723445485,
      "support": 7977.0
    },
    "weighted avg": {
      "precision": 0.7737776073822583,
      "recall": 0.7290961514353768,
      "f1-score": 0.7172616888910904,
      "support": 7977.0
    }
  },
  "confusion_matrix": [
    [
      537,
      52,
      6,
      558,
      206,
      93
    ],
    [
      15,
      1218,
      62,
      70,
      3,
      83
    ],
    [
      9,
      24,
      823,
      56,
      179,
      9
    ],
    [
      10,
      0,
      0,
      1279,
      6,
      45
    ],
    [
      3,
      59,
      3,
      27,
      1252,
      3
    ],
    [
      36,
      2,
      56,
      300,
      186,
      707
    ]
  ],
  "classes": [
    "Acetaldehyde",
    "Acetone",
    "Ammonia",
    "Ethanol",
    "Ethylene",
    "Toluene"
  ],
  "stable_components": [
    1,
    2,
    3,
    4,
    5,
    6,
    7,
    8,
    9,
    10,
    11,
    12,
    13,
    14,
    15,
    16,
    17,
    18,
    19,
    20,
    21,
    22,
    23,
    24,
    25,
    26,
    27,
    28,
    29,
    30
  ],
  "stable_threshold": 5.0,
  "batch_std": [
    3.571211342721327,
    2.1413658252855368,
    1.420606952880538,
    1.8829987941506907,
    0.6757289818660168,
    1.1737827873489544,
    0.7519226689235138,
    0.6184968274028967,
    0.3283394831433368,
    0.3597252983748719,
    0.49020364316649195,
    0.41909514181361746,
    0.28803765924916724,
    0.27219518948578275,
    0.10905905324087392,
    0.3916231736879942,
    0.15762261366086253,
    0.14062752376310572,
    0.17549863777689553,
    0.08326874734626695,
    0.11619088414687773,
    0.06785031705704755,
    0.08845229976055936,
    0.09220787741885542,
    0.1353323928786648,
    0.09855514079799034,
    0.09041033703614566,
    0.057208215693296476,
    0.11768644605183716,
    0.060028126905334454
  ],
  "per_batch_accuracy": {
    "7": 0.8383614724605591,
    "8": 0.6530612244897959,
    "9": 0.6617021276595745,
    "10": 0.6344444444444445
  },
  "n_train_samples": 5933,
  "n_test_samples": 7977,
  "n_features_used": 30
}